['IncidentStart', 'IncidentType', 'IncidentLat', 'IncidentLong', 'IncidentEnd', 'RoadClosed', 'Severity', 'Verified']
['4/8/2013 07:15:22 AM', '1', '47.630462', '-122.188396', '4/8/2013 10:38:24 AM', '1', '4', '1']
['4/8/2013 08:01:12 AM', '2', '47.59', '-122.3', '4/8/2013 11:08:24 AM', '0', '3', '0']
2013-04-08 08:31:12 ## 47.593199 ## None ## None
2013-04-08 09:01:12 ## 47.6 ## 47.593199 ## None
2013-04-08 09:31:12 ## 47.62 ## 47.593199 ## None
2013-04-08 10:01:12 ## 47.62 ## 47.593199 ## None
2013-04-08 10:31:12 ## 47.61 ## 47.593199 ## None
2013-04-08 11:01:12 ## 47.582316 ## 47.62 ## 47.593199
2013-04-08 11:31:12 ## 47.601533 ## 47.593199 ## 47.593199
2013-04-08 12:01:12 ## 47.62 ## 47.5899341 ## 47.593199
2013-04-08 12:31:12 ## 47.62 ## 47.5899341 ## 47.593199
2013-04-08 12:45:22 ## 47.59 ## 47.603 ## 47.593199
2013-04-08 01:15:22 ## 47.62 ## 47.5899341 ## 47.593199
2013-04-08 01:45:22 ## 47.59 ## 47.5899341 ## 47.5899341
2013-04-08 02:15:22 ## 47.61 ## 47.5899341 ## 47.6144599
2013-04-08 02:45:22 ## 47.63 ## 47.5899341 ## 47.62
2013-04-08 03:15:22 ## 47.59 ## 47.5899341 ## 47.5899341
2013-04-08 03:45:22 ## 47.61 ## 47.5899341 ## 47.5899341
2013-04-08 04:15:22 ## 47.645037 ## 47.594459 ## 47.5899341
2013-04-08 04:45:22 ## 47.642377 ## 47.5899341 ## 47.5899341
2013-04-08 05:15:22 ## 47.6 ## 47.5899341 ## 47.5899341
2013-04-08 05:45:22 ## 47.59 ## 47.5899341 ## 47.5899341
2013-04-08 06:15:22 ## 47.626876 ## 47.5961213 ## 47.62
2013-04-08 06:45:22 ## 47.618083 ## 47.59428491 ## 47.5899341
2013-04-08 07:15:22 ## 47.601996 ## 47.5899341 ## 47.5899341
2013-04-08 07:45:22 ## 47.596324 ## 47.5899341 ## 47.5899341
2013-04-08 08:15:22 ## 47.62 ## 47.5899341 ## 47.5961213
2013-04-08 08:45:22 ## 47.63 ## 47.594896637 ## 47.5899341
2013-04-08 09:15:22 ## 47.59 ## 47.5899341 ## 47.5899341
2013-04-08 09:45:22 ## 47.61 ## 47.594896637 ## 47.5899341
2013-04-08 10:15:22 ## 47.61 ## 47.5934276459 ## 47.5899341
2013-04-08 10:45:22 ## 47.62 ## 47.5899341 ## 47.594896637
2013-04-08 11:15:22 ## 47.61 ## 47.5934276459 ## 47.5899341
2013-04-08 11:45:22 ## 47.63 ## 47.5899341 ## 47.6091285457
2013-04-09 12:15:22 ## 47.63 ## 47.6204257414 ## 47.620608202
2013-04-09 12:45:22 ## 47.6 ## 47.5899341 ## 47.5899341
2013-04-09 01:15:22 ## 47.63 ## 47.6097010912 ## 47.6095729874
2013-04-09 01:45:22 ## 47.63 ## 47.5899341 ## 47.5899341
2013-04-09 02:15:22 ## 47.63 ## 47.5953993521 ## 47.6097010912
2013-04-09 02:45:22 ## 47.59 ## 47.5953993521 ## 47.5899341
2013-04-09 03:15:22 ## 47.63 ## 47.5953993521 ## 47.5934276459
2013-04-09 03:45:22 ## 47.61 ## 47.5937795465 ## 47.5899341
2013-04-09 04:15:22 ## 47.6 ## 47.6204257414 ## 47.5899341
2013-04-09 04:45:22 ## 47.63 ## 47.6204257414 ## 47.63
2013-04-09 05:15:22 ## 47.62 ## 47.5956456825 ## 47.6097010912
2013-04-09 05:45:22 ## 47.6 ## 47.63 ## 47.5937795465
2013-04-09 06:15:22 ## 47.62 ## 47.5899341 ## 47.5937795465
2013-04-09 06:45:22 ## 47.59 ## 47.5969519778 ## 47.63
2013-04-09 07:31:12 ## 47.638097 ## 47.6202086133 ## 47.6097907638
2013-04-09 07:45:22 ## 47.642608 ## 47.63 ## 47.63
2013-04-09 08:15:22 ## 47.62 ## 47.6202086133 ## 47.5899341
2013-04-09 08:45:22 ## 47.61 ## 47.6097907638 ## 47.5969519778
2013-04-09 09:15:22 ## 47.62 ## 47.5899341 ## 47.6097907638
2013-04-09 09:45:22 ## 47.6 ## 47.6201460293 ## 47.5948663844
2013-04-09 10:15:22 ## 47.59 ## 47.5899341 ## 47.5899341
2013-04-09 10:45:22 ## 47.59 ## 47.5899341 ## 47.5948663844
2013-04-09 11:15:22 ## 47.59 ## 47.5899341 ## 47.5899341
2013-04-09 11:45:22 ## 47.6 ## 47.5899341 ## 47.6098535347
2013-04-09 12:15:22 ## 47.63 ## 47.5899341 ## 47.5899341
2013-04-09 12:45:22 ## 47.63 ## 47.5899341 ## 47.5899341
2013-04-09 01:15:22 ## 47.61 ## 47.6098535347 ## 47.5899341
2013-04-09 01:45:22 ## 47.63 ## 47.5899341 ## 47.5899341
2013-04-09 02:15:22 ## 47.601996 ## 47.6098974743 ## 47.5899341
2013-04-09 02:45:22 ## 47.6 ## 47.5899341 ## 47.5899341
2013-04-09 03:15:22 ## 47.63 ## 47.5899341 ## 47.5945381932
2013-04-09 03:45:22 ## 47.63 ## 47.5899341 ## 47.5899341
2013-04-09 04:15:22 ## 47.62 ## 47.5961767353 ## 47.5945381932
2013-04-09 04:45:22 ## 47.59 ## 47.607527032 ## 47.5899341
2013-04-09 05:15:22 ## 47.62 ## 47.5899341 ## 47.5899341
2013-04-09 05:45:22 ## 47.6 ## 47.5899341 ## 47.5899341
2013-04-09 06:15:22 ## 47.61 ## 47.620050088 ## 47.6305832269
2013-04-09 06:45:22 ## 47.6 ## 47.6304082588 ## 47.5961767353
2013-04-09 07:15:22 ## 47.61 ## 47.5960266003 ## 47.5899341
2013-04-09 07:45:22 ## 47.6 ## 47.6082689224 ## 47.5899341
2013-04-09 08:15:22 ## 47.62 ## 47.620050088 ## 47.5943237147
2013-04-09 08:45:22 ## 47.62 ## 47.6304082588 ## 47.6304082588
2013-04-09 09:15:22 ## 47.59 ## 47.5980530341 ## 47.6082689224
2013-04-09 09:45:22 ## 47.62 ## 47.5980530341 ## 47.6304082588
2013-04-09 10:15:22 ## 47.61 ## 47.6304082588 ## 47.6087882457
2013-04-09 10:45:22 ## 47.61 ## 47.6304082588 ## 47.5980530341
2013-04-09 11:15:22 ## 47.59 ## 47.5956371239 ## 47.6304082588
2013-04-09 11:45:22 ## 47.61 ## 47.6200171802 ## 47.5980530341
2013-04-10 12:15:22 ## 47.63 ## 47.6304082588 ## 47.6087882457
2013-04-10 12:45:22 ## 47.61 ## 47.6200171802 ## 47.6304082588
2013-04-10 01:15:22 ## 47.63 ## 47.6095843683 ## 47.6200171802
2013-04-10 01:45:22 ## 47.6 ## 47.5939459867 ## 47.6094062404
2013-04-10 02:15:22 ## 47.601996 ## 47.6097090578 ## 47.5939459867
2013-04-10 02:45:22 ## 47.63 ## 47.5957621907 ## 47.5939459867
2013-04-10 03:15:22 ## 47.61 ## 47.6302000468 ## 47.6095843683
2013-04-10 03:45:22 ## 47.63 ## 47.6301400328 ## 47.5939459867
2013-04-10 04:15:22 ## 47.6 ## 47.6081765983 ## 47.6302000468
2013-04-10 04:45:22 ## 47.62 ## 47.5957621907 ## 47.5957621907
2013-04-10 05:15:22 ## 47.61 ## 47.6081765983 ## 47.6073951405
2013-04-10 05:45:22 ## 47.62 ## 47.6200120261 ## 47.6073951405
2013-04-10 06:15:22 ## 47.62 ## 47.6087236188 ## 47.6200171802
2013-04-10 06:45:22 ## 47.61 ## 47.5970335335 ## 47.5957621907
2013-04-10 07:15:22 ## 47.63 ## 47.6087236188 ## 47.5970335335
2013-04-10 07:45:22 ## 47.59 ## 47.6091065332 ## 47.6081765983
2013-04-10 08:15:22 ## 47.62 ## 47.6091065332 ## 47.6087236188
2013-04-10 08:45:22 ## 47.6 ## 47.6091065332 ## 47.6200084183
2013-04-10 09:15:22 ## 47.62 ## 47.620004125 ## 47.6300980229
2013-04-10 09:45:22 ## 47.62 ## 47.6300686161 ## 47.6300980229
2013-04-10 10:15:22 ## 47.63 ## 47.6200028875 ## 47.6091065332
2013-04-10 10:45:22 ## 47.62 ## 47.6091065332 ## 47.6200058928
2013-04-10 11:15:22 ## 47.63 ## 47.6300480312 ## 47.620004125
2013-04-10 11:45:22 ## 47.61 ## 47.6300480312 ## 47.6091065332
2013-04-10 12:15:22 ## 47.6 ## 47.5964464314 ## 47.6091065332
2013-04-10 12:45:22 ## 47.63 ## 47.6093745732 ## 47.6300686161
2013-04-10 01:15:22 ## 47.642377 ## 47.597512502 ## 47.6200020212
2013-04-10 01:45:22 ## 47.636015 ## 47.6200014149 ## 47.6091065332
2013-04-10 02:15:22 ## 47.641914 ## 47.6200014149 ## 47.6091065332
2013-04-10 02:45:22 ## 47.6 ## 47.6200014149 ## 47.6093745732
2013-04-10 03:15:22 ## 47.6 ## 47.597512502 ## 47.6300336219
2013-04-10 03:45:22 ## 47.6 ## 47.5982587514 ## 47.597512502
2013-04-10 04:15:22 ## 47.59 ## 47.6318209747 ## 47.597512502
2013-04-10 04:45:22 ## 47.6 ## 47.6093745732 ## 47.597512502
2013-04-10 05:15:22 ## 47.63 ## 47.6318209747 ## 47.597512502
2013-04-10 06:01:12 ## 47.609751 ## 47.6200014149 ## 47.5982587514
2013-04-10 06:31:12 ## 47.617504 ## 47.5974819262 ## 47.6093745732
2013-04-10 06:45:22 ## 47.625025 ## 47.5974819262 ## 47.6318209747
2013-04-10 07:15:22 ## 47.62 ## 47.6192521904 ## 47.6200014149
2013-04-10 07:45:22 ## 47.6 ## 47.6094875013 ## 47.6093745732
2013-04-10 08:15:22 ## 47.63 ## 47.6312746823 ## 47.6312746823
2013-04-10 08:45:22 ## 47.62 ## 47.6206888233 ## 47.6312746823
2013-04-10 09:15:22 ## 47.61 ## 47.5982373483 ## 47.5974819262
2013-04-10 09:45:22 ## 47.62 ## 47.5982373483 ## 47.6094875013
2013-04-10 10:15:22 ## 47.6 ## 47.5982373483 ## 47.6206888233
2013-04-10 10:45:22 ## 47.61 ## 47.6308922776 ## 47.6094875013
2013-04-10 11:15:22 ## 47.59 ## 47.6203375234 ## 47.6308922776
2013-04-10 11:45:22 ## 47.59 ## 47.6308922776 ## 47.5982373483
2013-04-11 12:15:22 ## 47.63 ## 47.6097488756 ## 47.6308922776
2013-04-11 12:45:22 ## 47.59 ## 47.6097488756 ## 47.6096412509
2013-04-11 01:15:22 ## 47.59 ## 47.5942954105 ## 47.6096412509
2013-04-11 01:45:22 ## 47.6 ## 47.6203375234 ## 47.6308922776
2013-04-11 02:15:22 ## 47.63 ## 47.5921047511 ## 47.6097488756
2013-04-11 02:45:22 ## 47.62 ## 47.5944733258 ## 47.5942954105
2013-04-11 03:15:22 ## 47.63 ## 47.630437216 ## 47.5942954105
2013-04-11 03:45:22 ## 47.59 ## 47.5944733258 ## 47.6097488756
2013-04-11 04:15:22 ## 47.59 ## 47.5944733258 ## 47.6306245943
2013-04-11 04:45:22 ## 47.6 ## 47.6202362664 ## 47.5944733258
2013-04-11 05:15:22 ## 47.61 ## 47.5921919296 ## 47.6097488756
2013-04-11 05:45:22 ## 47.63 ## 47.5945343507 ## 47.630437216
2013-04-11 06:15:22 ## 47.61 ## 47.6098242129 ## 47.5944733258
2013-04-11 06:45:22 ## 47.59 ## 47.5945343507 ## 47.6097488756
2013-04-11 07:15:22 ## 47.638097 ## 47.6098769491 ## 47.5921919296
2013-04-11 08:01:12 ## 47.642608 ## 47.6202362664 ## 47.5945343507
2013-04-11 08:15:22 ## 47.62 ## 47.5931740455 ## 47.6303060512
2013-04-11 08:45:22 ## 47.6 ## 47.5931740455 ## 47.6302142359
2013-04-11 09:15:22 ## 47.63 ## 47.5931740455 ## 47.5945343507
2013-04-11 09:45:22 ## 47.6 ## 47.6098769491 ## 47.5931740455
2013-04-11 10:15:22 ## 47.61 ## 47.6318053456 ## 47.6325790651
2013-04-11 10:45:22 ## 47.63 ## 47.5966552823 ## 47.5931740455
2013-04-11 11:15:22 ## 47.63 ## 47.5966552823 ## 47.6325790651
2013-04-11 11:45:22 ## 47.62 ## 47.5966552823 ## 47.5952218319
2013-04-11 12:15:22 ## 47.62 ## 47.6099138643 ## 47.5952218319
2013-04-11 12:45:22 ## 47.59 ## 47.5966552823 ## 47.6318053456
2013-04-11 01:15:22 ## 47.59 ## 47.6099138643 ## 47.5966552823
2013-04-11 01:45:22 ## 47.63 ## 47.6099138643 ## 47.5966552823
2013-04-11 02:15:22 ## 47.62 ## 47.6099138643 ## 47.6308846193
2013-04-11 02:45:22 ## 47.63 ## 47.6099138643 ## 47.6201157705
2013-04-11 03:15:22 ## 47.59 ## 47.5932610883 ## 47.6308846193
2013-04-11 03:45:22 ## 47.63 ## 47.6304334635 ## 47.6200810394
2013-04-11 04:15:22 ## 47.62 ## 47.6099138643 ## 47.6308846193
2013-04-11 04:45:22 ## 47.61 ## 47.6099138643 ## 47.6306192335
2013-04-11 05:15:22 ## 47.62 ## 47.5922827618 ## 47.5932610883
2013-04-11 05:45:22 ## 47.61 ## 47.609939705 ## 47.6200567276
2013-04-11 06:15:22 ## 47.59 ## 47.5922827618 ## 47.6200567276
2013-04-11 06:45:22 ## 47.62 ## 47.6303034244 ## 47.6200567276
2013-04-11 07:15:22 ## 47.6 ## 47.5915979333 ## 47.5922827618
2013-04-11 07:45:22 ## 47.59 ## 47.6303034244 ## 47.6200397093
2013-04-11 08:15:22 ## 47.61 ## 47.5941185533 ## 47.6303034244
2013-04-11 08:45:22 ## 47.61 ## 47.5928829873 ## 47.5922827618
2013-04-11 09:15:22 ## 47.6 ## 47.6200194576 ## 47.5915979333
2013-04-11 09:45:22 ## 47.62 ## 47.6099793188 ## 47.5915979333
2013-04-11 10:15:22 ## 47.61 ## 47.6099793188 ## 47.5941185533
2013-04-11 10:45:22 ## 47.62 ## 47.6099793188 ## 47.6303034244
2013-04-11 11:15:22 ## 47.61 ## 47.5950180911 ## 47.5928829873
2013-04-11 11:45:22 ## 47.62 ## 47.5950180911 ## 47.5928829873
2013-04-12 12:15:22 ## 47.59 ## 47.6099898662 ## 47.5950180911
2013-04-12 12:45:22 ## 47.63 ## 47.5950180911 ## 47.5950180911
2013-04-12 01:15:22 ## 47.63 ## 47.5935126638 ## 47.5950180911
2013-04-12 01:45:22 ## 47.59 ## 47.5935126638 ## 47.6303034244
2013-04-12 02:15:22 ## 47.62 ## 47.5935126638 ## 47.5950180911
2013-04-12 02:45:22 ## 47.59 ## 47.630148678 ## 47.5950180911
2013-04-12 03:15:22 ## 47.62 ## 47.630148678 ## 47.5935126638
2013-04-12 03:45:22 ## 47.6 ## 47.6099898662 ## 47.5935126638
2013-04-12 04:15:22 ## 47.61 ## 47.6200032702 ## 47.630148678
2013-04-12 04:45:22 ## 47.62 ## 47.5942048437 ## 47.5924588646
2013-04-12 05:15:22 ## 47.6 ## 47.6200032702 ## 47.5924588646
2013-04-12 06:01:12 ## 47.642608 ## 47.5942048437 ## 47.5917212053
2013-04-12 06:15:22 ## 47.642377 ## 47.5959433906 ## 47.5917212053
2013-04-12 06:45:22 ## 47.59 ## 47.6200022892 ## 47.5942048437
2013-04-12 07:15:22 ## 47.63 ## 47.5959433906 ## 47.5942048437
2013-04-12 07:45:22 ## 47.63 ## 47.6099929064 ## 47.630148678
2013-04-12 08:15:22 ## 47.59 ## 47.6099929064 ## 47.5959433906
2013-04-12 08:45:22 ## 47.63 ## 47.6300728522 ## 47.5959433906
2013-04-12 09:15:22 ## 47.6 ## 47.5929122614 ## 47.630148678
2013-04-12 09:45:22 ## 47.62 ## 47.5929122614 ## 47.5941603734
2013-04-12 10:15:22 ## 47.59 ## 47.595038583 ## 47.6200022892
2013-04-12 10:45:22 ## 47.6 ## 47.595038583 ## 47.6099929064
2013-04-12 11:15:22 ## 47.62 ## 47.5935270081 ## 47.6200022892
2013-04-12 11:45:22 ## 47.6 ## 47.5954689057 ## 47.6300509965
2013-04-12 12:15:22 ## 47.61 ## 47.6200011217 ## 47.595038583
2013-04-12 12:45:22 ## 47.63 ## 47.6300509965 ## 47.6200016024
2013-04-12 01:15:22 ## 47.62 ## 47.6300509965 ## 47.6300509965
2013-04-12 01:45:22 ## 47.62 ## 47.596828234 ## 47.5954689057
2013-04-12 02:15:22 ## 47.62 ## 47.6200007852 ## 47.5954689057
2013-04-12 02:45:22 ## 47.59 ## 47.6099950345 ## 47.6200011217
2013-04-12 03:15:22 ## 47.59 ## 47.6200003847 ## 47.6099950345
2013-04-12 03:45:22 ## 47.59 ## 47.5947797638 ## 47.596828234
2013-04-12 04:15:22 ## 47.63 ## 47.6200003847 ## 47.596828234
2013-04-12 04:45:22 ## 47.63 ## 47.5923420842 ## 47.596828234
2013-04-12 05:15:22 ## 47.63 ## 47.5923420842 ## 47.596828234
2013-04-12 05:45:22 ## 47.6 ## 47.5923420842 ## 47.5947797638
2013-04-12 06:15:22 ## 47.62 ## 47.5923420842 ## 47.5933458346
2013-04-12 06:45:22 ## 47.61 ## 47.6099950345 ## 47.6200003847
2013-04-12 07:15:22 ## 47.59 ## 47.6099950345 ## 47.6200003847
2013-04-12 07:45:22 ## 47.6 ## 47.6200002693 ## 47.5923420842
2013-04-12 08:15:22 ## 47.63 ## 47.6300122443 ## 47.6099950345
2013-04-12 08:45:22 ## 47.62 ## 47.5952733349 ## 47.6200003847
2013-04-12 09:15:22 ## 47.61 ## 47.6099965241 ## 47.594639459
2013-04-12 09:45:22 ## 47.62 ## 47.6099965241 ## 47.594639459
2013-04-12 10:15:22 ## 47.63 ## 47.630008571 ## 47.6200002693
2013-04-12 10:45:22 ## 47.6 ## 47.5952733349 ## 47.5952733349
2013-04-12 11:15:22 ## 47.63 ## 47.5952733349 ## 47.5952733349
2013-04-12 11:45:22 ## 47.63 ## 47.620000132 ## 47.6200001885
2013-04-13 12:15:22 ## 47.59 ## 47.6099975669 ## 47.5952733349
2013-04-13 12:45:22 ## 47.6 ## 47.5966913344 ## 47.5952733349
2013-04-13 01:15:22 ## 47.6 ## 47.6300029398 ## 47.5952733349
2013-04-13 01:45:22 ## 47.61 ## 47.6099975669 ## 47.5966913344
2013-04-13 02:15:22 ## 47.62 ## 47.5973951277 ## 47.620000132
2013-04-13 02:45:22 ## 47.601996 ## 47.6099982968 ## 47.6099975669
2013-04-13 03:15:22 ## 47.59 ## 47.5973951277 ## 47.620000132
2013-04-13 03:45:22 ## 47.61 ## 47.5973951277 ## 47.5962787539
2013-04-13 04:15:22 ## 47.6 ## 47.5951765894 ## 47.620000132
2013-04-13 04:45:22 ## 47.6 ## 47.6300029398 ## 47.5973951277
2013-04-13 05:15:22 ## 47.61 ## 47.6300029398 ## 47.5973951277
2013-04-13 05:45:22 ## 47.6 ## 47.6083183254 ## 47.5973951277
2013-04-13 06:15:22 ## 47.63 ## 47.6088228278 ## 47.6200000924
2013-04-13 06:45:22 ## 47.63 ## 47.6088228278 ## 47.5951765894
2013-04-13 07:15:22 ## 47.61 ## 47.6088228278 ## 47.5966236126
2013-04-13 07:45:22 ## 47.625025 ## 47.6300014405 ## 47.5976365288
2013-04-13 08:31:12 ## 47.630462 ## 47.5983455702 ## 47.6200000924
2013-04-13 08:45:22 ## 47.6 ## 47.5983455702 ## 47.5983455702
2013-04-13 09:15:22 ## 47.59 ## 47.5983455702 ## 47.6200000924
2013-04-13 09:45:22 ## 47.62 ## 47.5988418991 ## 47.5983455702
2013-04-13 10:15:22 ## 47.62 ## 47.5961893294 ## 47.5983455702
2013-04-13 10:45:22 ## 47.62 ## 47.6210552953 ## 47.5983455702
2013-04-13 11:15:22 ## 47.59 ## 47.5961893294 ## 47.5983455702
2013-04-13 11:45:22 ## 47.61 ## 47.6301396084 ## 47.5988418991
2013-04-13 12:15:22 ## 47.63 ## 47.5943325306 ## 47.5961893294
2013-04-13 12:45:22 ## 47.59 ## 47.6205170947 ## 47.5961893294
2013-04-13 01:15:22 ## 47.61 ## 47.6205170947 ## 47.5961893294
2013-04-13 01:45:22 ## 47.59 ## 47.6300977259 ## 47.5961893294
2013-04-13 02:15:22 ## 47.63 ## 47.5930327714 ## 47.5943325306
2013-04-13 02:45:22 ## 47.6 ## 47.59212294 ## 47.5943325306
2013-04-13 03:15:22 ## 47.62 ## 47.59212294 ## 47.6205170947
2013-04-13 03:45:22 ## 47.63 ## 47.594486058 ## 47.5930327714
2013-04-13 04:15:22 ## 47.6 ## 47.6300684081 ## 47.5930327714
2013-04-13 04:45:22 ## 47.59 ## 47.594486058 ## 47.59212294
2013-04-13 05:15:22 ## 47.61 ## 47.6203619663 ## 47.59212294
2013-04-13 05:45:22 ## 47.59 ## 47.6095962299 ## 47.594486058
2013-04-13 06:15:22 ## 47.61 ## 47.5942981684 ## 47.594486058
2013-04-13 06:45:22 ## 47.59 ## 47.5930087179 ## 47.594486058
2013-04-13 07:15:22 ## 47.61 ## 47.6300478857 ## 47.6203619663
2013-04-13 07:45:22 ## 47.6 ## 47.6203619663 ## 47.5942981684
2013-04-13 08:15:22 ## 47.63 ## 47.5921061025 ## 47.5942981684
2013-04-13 08:45:22 ## 47.63 ## 47.5944742718 ## 47.5930087179
2013-04-13 09:15:22 ## 47.63 ## 47.5944742718 ## 47.5930087179
2013-04-13 09:45:22 ## 47.62 ## 47.5944742718 ## 47.5921061025
2013-04-13 10:15:22 ## 47.61 ## 47.6203619663 ## 47.5921061025
2013-04-13 10:45:22 ## 47.59 ## 47.6202533764 ## 47.6300478857
2013-04-13 11:15:22 ## 47.6 ## 47.5944742718 ## 47.5944742718
2013-04-13 11:45:22 ## 47.61 ## 47.5931319902 ## 47.5944742718
2013-04-14 12:15:22 ## 47.62 ## 47.5951923932 ## 47.5944742718
2013-04-14 12:45:22 ## 47.59 ## 47.5951923932 ## 47.5944742718
2013-04-14 01:15:22 ## 47.6 ## 47.5951923932 ## 47.5944742718
2013-04-14 01:45:22 ## 47.63 ## 47.5936346752 ## 47.5931319902
2013-04-14 02:15:22 ## 47.59 ## 47.5955442727 ## 47.5951923932
2013-04-14 02:45:22 ## 47.63 ## 47.5955442727 ## 47.5951923932
2013-04-14 03:15:22 ## 47.6 ## 47.5938809909 ## 47.6300164248
2013-04-14 03:45:22 ## 47.6 ## 47.6300080481 ## 47.5936346752
2013-04-14 04:15:22 ## 47.6 ## 47.5957166936 ## 47.5955442727
2013-04-14 04:45:22 ## 47.61 ## 47.5970016855 ## 47.5955442727
2013-04-14 05:15:22 ## 47.6 ## 47.5979011799 ## 47.5938809909
2013-04-14 05:45:22 ## 47.62 ## 47.5979011799 ## 47.5938809909
2013-04-14 06:15:22 ## 47.63 ## 47.6300080481 ## 47.5957166936
2013-04-14 06:45:22 ## 47.6 ## 47.5985308259 ## 47.5970016855
2013-04-14 07:15:22 ## 47.61 ## 47.6099524969 ## 47.5979011799
2013-04-14 07:45:22 ## 47.6 ## 47.5989715781 ## 47.6300080481
2013-04-14 08:31:12 ## 47.625025 ## 47.5989715781 ## 47.5985308259
2013-04-14 08:45:22 ## 47.630462 ## 47.5992801047 ## 47.6300080481
2013-04-14 09:15:22 ## 47.59 ## 47.642642534 ## 47.6300056337
2013-04-14 09:45:22 ## 47.63 ## 47.5992801047 ## 47.5989715781
2013-04-14 10:15:22 ## 47.63 ## 47.5964960733 ## 47.5989715781
2013-04-14 10:45:22 ## 47.62 ## 47.5964960733 ## 47.5992801047
2013-04-14 11:15:22 ## 47.61 ## 47.5964960733 ## 47.5992801047
2013-04-14 11:45:22 ## 47.62 ## 47.5964960733 ## 47.5992801047
2013-04-14 12:15:22 ## 47.61 ## 47.5964960733 ## 47.5964960733
2013-04-14 12:45:22 ## 47.6 ## 47.6300698464 ## 47.6215944081
2013-04-14 01:15:22 ## 47.63 ## 47.5964960733 ## 47.5964960733
2013-04-14 01:45:22 ## 47.62 ## 47.5975472513 ## 47.5964960733
2013-04-14 02:15:22 ## 47.6 ## 47.6300488925 ## 47.5964960733
2013-04-14 02:45:22 ## 47.59 ## 47.5975472513 ## 47.5964960733
2013-04-14 03:15:22 ## 47.63 ## 47.5982830759 ## 47.5964960733
2013-04-14 03:45:22 ## 47.63 ## 47.6300488925 ## 47.62078126
2013-04-14 04:15:22 ## 47.6 ## 47.5957981531 ## 47.5975472513
2013-04-14 04:45:22 ## 47.61 ## 47.5957981531 ## 47.5975472513
2013-04-14 05:15:22 ## 47.61 ## 47.5970587072 ## 47.5982830759
2013-04-14 05:45:22 ## 47.63 ## 47.5970587072 ## 47.5957981531
2013-04-14 06:15:22 ## 47.59 ## 47.5970587072 ## 47.5957981531
2013-04-14 06:45:22 ## 47.61 ## 47.5970587072 ## 47.5957981531
2013-04-14 07:15:22 ## 47.63 ## 47.594941095 ## 47.5970587072
2013-04-14 07:45:22 ## 47.63 ## 47.594941095 ## 47.5970587072
2013-04-14 08:15:22 ## 47.62 ## 47.594941095 ## 47.5970587072
2013-04-14 08:45:22 ## 47.6 ## 47.594941095 ## 47.5970587072
2013-04-14 09:15:22 ## 47.6 ## 47.594941095 ## 47.594941095
2013-04-14 09:45:22 ## 47.62 ## 47.5964587665 ## 47.594941095
2013-04-14 10:15:22 ## 47.63 ## 47.5975211366 ## 47.594941095
2013-04-14 10:45:22 ## 47.63 ## 47.6300082174 ## 47.594941095
2013-04-14 11:15:22 ## 47.6 ## 47.5975211366 ## 47.594941095
2013-04-14 11:45:22 ## 47.59 ## 47.5975211366 ## 47.5964587665
2013-04-15 12:15:22 ## 47.59 ## 47.5982647956 ## 47.5975211366
2013-04-15 12:45:22 ## 47.63 ## 47.5957853569 ## 47.5975211366
2013-04-15 01:15:22 ## 47.61 ## 47.5940497498 ## 47.5975211366
2013-04-15 01:45:22 ## 47.61 ## 47.5940497498 ## 47.5975211366
2013-04-15 02:15:22 ## 47.59 ## 47.5940497498 ## 47.5982647956
2013-04-15 02:45:22 ## 47.6 ## 47.5940497498 ## 47.6300040265
2013-04-15 03:15:22 ## 47.59 ## 47.6099972615 ## 47.5940497498
2013-04-15 03:45:22 ## 47.63 ## 47.5949843774 ## 47.5940497498
2013-04-15 04:15:22 ## 47.61 ## 47.5934890642 ## 47.6300028186
2013-04-15 04:45:22 ## 47.63 ## 47.5934890642 ## 47.5940497498
2013-04-15 05:15:22 ## 47.590189 ## 47.5934890642 ## 47.6202679722
2013-04-15 06:01:12 ## 47.578263 ## 47.6202679722 ## 47.5949843774
2013-04-15 06:15:22 ## 47.6 ## 47.5924990449 ## 47.5934890642
2013-04-15 06:45:22 ## 47.59 ## 47.5924990449 ## 47.5934890642
2013-04-15 07:15:22 ## 47.59 ## 47.6202679722 ## 47.5934890642
2013-04-15 07:45:22 ## 47.61 ## 47.5917493315 ## 47.6202679722
2013-04-15 08:15:22 ## 47.6 ## 47.591224532 ## 47.5924990449
2013-04-15 08:45:22 ## 47.59 ## 47.591224532 ## 47.5924990449
2013-04-15 09:15:22 ## 47.62 ## 47.591224532 ## 47.5924990449
2013-04-15 09:45:22 ## 47.6 ## 47.5908571724 ## 47.5917493315
2013-04-15 10:15:22 ## 47.62 ## 47.5908571724 ## 47.591224532
2013-04-15 10:45:22 ## 47.59 ## 47.6300013811 ## 47.591224532
2013-04-15 11:15:22 ## 47.59 ## 47.5908571724 ## 47.591224532
2013-04-15 11:45:22 ## 47.62 ## 47.6300013811 ## 47.5908571724
2013-04-15 12:15:22 ## 47.62 ## 47.5904200145 ## 47.5908571724
2013-04-15 12:45:22 ## 47.61 ## 47.6200919145 ## 47.5908571724
2013-04-15 01:15:22 ## 47.61 ## 47.5904200145 ## 47.5908571724
2013-04-15 01:45:22 ## 47.63 ## 47.5904200145 ## 47.5906000207
2013-04-15 02:15:22 ## 47.59 ## 47.6300013811 ## 47.5904200145
2013-04-15 02:45:22 ## 47.6 ## 47.5904200145 ## 47.5904200145
2013-04-15 03:15:22 ## 47.59 ## 47.5902940101 ## 47.6300013811
2013-04-15 03:45:22 ## 47.6 ## 47.6300009668 ## 47.5904200145
2013-04-15 04:15:22 ## 47.62 ## 47.6048975951 ## 47.5904200145
2013-04-15 04:45:22 ## 47.61 ## 47.5902058071 ## 47.5904200145
2013-04-15 05:15:22 ## 47.61 ## 47.5902058071 ## 47.5902940101
2013-04-15 05:45:22 ## 47.62 ## 47.5902058071 ## 47.5902940101
2013-04-15 06:15:22 ## 47.63 ## 47.5902058071 ## 47.5902058071
2013-04-15 06:45:22 ## 47.59 ## 47.6067798751 ## 47.5902058071
2013-04-15 07:15:22 ## 47.59 ## 47.5902058071 ## 47.5902058071
2013-04-15 07:45:22 ## 47.61 ## 47.590144065 ## 47.5902058071
2013-04-15 08:15:22 ## 47.62 ## 47.5901008455 ## 47.5902058071
2013-04-15 08:45:22 ## 47.63 ## 47.5901008455 ## 47.6300009668
2013-04-15 09:15:22 ## 47.61 ## 47.5901008455 ## 47.5902058071
2013-04-15 09:45:22 ## 47.61 ## 47.5901008455 ## 47.590144065
2013-04-15 10:15:22 ## 47.59 ## 47.6300004737 ## 47.5901008455
2013-04-15 10:45:22 ## 47.59 ## 47.6088954972 ## 47.5901008455
2013-04-15 11:15:22 ## 47.63 ## 47.6300004737 ## 47.5901008455
2013-04-15 11:45:22 ## 47.63 ## 47.5900494143 ## 47.5901008455
2013-04-16 12:15:22 ## 47.6 ## 47.5900494143 ## 47.5901008455
2013-04-16 12:45:22 ## 47.61 ## 47.5900494143 ## 47.5901008455
2013-04-16 01:15:22 ## 47.6 ## 47.5900494143 ## 47.5900705918
2013-04-16 01:45:22 ## 47.601996 ## 47.5900494143 ## 47.5900494143
2013-04-16 02:15:22 ## 47.6 ## 47.5900494143 ## 47.6300003316
2013-04-16 02:45:22 ## 47.61 ## 47.5900494143 ## 47.5900494143
2013-04-16 03:15:22 ## 47.6 ## 47.5900494143 ## 47.5900494143
2013-04-16 03:45:22 ## 47.6 ## 47.5900494143 ## 47.5900494143
2013-04-16 04:15:22 ## 47.6 ## 47.5900494143 ## 47.6200220687
2013-04-16 04:45:22 ## 47.62 ## 47.5900494143 ## 47.5900494143
2013-04-16 05:15:22 ## 47.63 ## 47.5900494143 ## 47.5900494143
2013-04-16 05:45:22 ## 47.62 ## 47.5900494143 ## 47.5900494143
2013-04-16 06:15:22 ## 47.61 ## 47.5900494143 ## 47.5900494143
2013-04-16 06:45:22 ## 47.62 ## 47.5900494143 ## 47.5900494143
2013-04-16 07:15:22 ## 47.62 ## 47.5900494143 ## 47.5900494143
2013-04-16 07:45:22 ## 47.63 ## 47.6300001625 ## 47.5900494143
2013-04-16 08:15:22 ## 47.59 ## 47.5900494143 ## 47.6300001625
2013-04-16 08:45:22 ## 47.59 ## 47.5900494143 ## 47.5900494143
2013-04-16 09:15:22 ## 47.62 ## 47.59003459 ## 47.5900494143
2013-04-16 09:45:22 ## 47.63 ## 47.590024213 ## 47.5900494143
2013-04-16 10:15:22 ## 47.61 ## 47.590024213 ## 47.6300001625
2013-04-16 10:45:22 ## 47.59 ## 47.590024213 ## 47.604214968
2013-04-16 11:15:22 ## 47.6 ## 47.590024213 ## 47.59003459
2013-04-16 11:45:22 ## 47.62 ## 47.5900169491 ## 47.6300001137
2013-04-16 12:15:22 ## 47.6 ## 47.5900169491 ## 47.604214968
2013-04-16 12:45:22 ## 47.63 ## 47.5900169491 ## 47.590024213
2013-04-16 01:15:22 ## 47.59 ## 47.5900169491 ## 47.590024213
2013-04-16 01:45:22 ## 47.59 ## 47.5900169491 ## 47.5900169491
2013-04-16 02:15:22 ## 47.61 ## 47.602915734 ## 47.5900169491
2013-04-16 02:45:22 ## 47.6 ## 47.5900083051 ## 47.5900169491
2013-04-16 03:15:22 ## 47.61 ## 47.5900083051 ## 47.5900169491
2013-04-16 03:45:22 ## 47.6 ## 47.5900083051 ## 47.5900169491
2013-04-16 04:15:22 ## 47.59 ## 47.5900083051 ## 47.6200025964
2013-04-16 04:45:22 ## 47.6 ## 47.5900083051 ## 47.5900083051
2013-04-16 05:15:22 ## 47.63 ## 47.5900058135 ## 47.5900083051
2013-04-16 05:45:22 ## 47.59 ## 47.6300000557 ## 47.6300000557
2013-04-16 06:15:22 ## 47.59 ## 47.630000039 ## 47.5900083051
2013-04-16 06:45:22 ## 47.62 ## 47.5900040695 ## 47.6038290677
2013-04-16 07:15:22 ## 47.62 ## 47.5900028486 ## 47.5900058135
2013-04-16 07:45:22 ## 47.61 ## 47.5900028486 ## 47.5900058135
2013-04-16 08:15:22 ## 47.6 ## 47.5900028486 ## 47.5900058135
2013-04-16 08:45:22 ## 47.59 ## 47.5900028486 ## 47.5900040695
2013-04-16 09:15:22 ## 47.62 ## 47.6034133702 ## 47.5900028486
2013-04-16 09:45:22 ## 47.61 ## 47.6034133702 ## 47.5900028486
2013-04-16 10:15:22 ## 47.62 ## 47.6034133702 ## 47.5900028486
2013-04-16 10:45:22 ## 47.62 ## 47.6053893592 ## 47.5900028486
2013-04-16 11:15:22 ## 47.59 ## 47.590001994 ## 47.5900028486
2013-04-16 11:45:22 ## 47.59 ## 47.590001994 ## 47.590001994
2013-04-17 12:15:22 ## 47.62 ## 47.5900013958 ## 47.6034133702
2013-04-17 12:45:22 ## 47.62 ## 47.5900009771 ## 47.590001994
2013-04-17 01:15:22 ## 47.59 ## 47.5900009771 ## 47.6053893592
2013-04-17 01:45:22 ## 47.59 ## 47.6200002138 ## 47.590001994
2013-04-17 02:15:22 ## 47.61 ## 47.590000684 ## 47.6053893592
2013-04-17 02:45:22 ## 47.6 ## 47.5900004788 ## 47.5900009771
2013-04-17 03:15:22 ## 47.59 ## 47.5900004788 ## 47.5900009771
2013-04-17 03:45:22 ## 47.62 ## 47.5900004788 ## 47.5900009771
2013-04-17 04:15:22 ## 47.59 ## 47.5900003351 ## 47.590000684
2013-04-17 04:45:22 ## 47.6 ## 47.5900003351 ## 47.5900004788
2013-04-17 05:15:22 ## 47.62 ## 47.5900002346 ## 47.6067725514
2013-04-17 05:45:22 ## 47.62 ## 47.5900002346 ## 47.604740786
2013-04-17 06:15:22 ## 47.6 ## 47.5900002346 ## 47.5900003351
2013-04-17 06:45:22 ## 47.63 ## 47.5900002346 ## 47.5900003351
2013-04-17 07:15:22 ## 47.6 ## 47.5900002346 ## 47.5900002346
2013-04-17 07:45:22 ## 47.6 ## 47.5900002346 ## 47.5900002346
2013-04-17 08:15:22 ## 47.59 ## 47.5900002346 ## 47.5900002346
2013-04-17 08:45:22 ## 47.6 ## 47.5900002346 ## 47.5900002346
2013-04-17 09:15:22 ## 47.61 ## 47.5900001642 ## 47.5900002346
2013-04-17 09:45:22 ## 47.59 ## 47.5900001642 ## 47.5900002346
2013-04-17 10:15:22 ## 47.61 ## 47.5900001642 ## 47.5900002346
2013-04-17 10:45:22 ## 47.59 ## 47.6035577487 ## 47.6011382627
2013-04-17 11:15:22 ## 47.63 ## 47.590000115 ## 47.5900001642
2013-04-17 11:45:22 ## 47.59 ## 47.5900000805 ## 47.5900001642
2013-04-17 12:15:22 ## 47.61 ## 47.5900000805 ## 47.5900001642
2013-04-17 12:45:22 ## 47.62 ## 47.5900000563 ## 47.590000115
2013-04-17 01:15:22 ## 47.63 ## 47.5900000563 ## 47.590000115
2013-04-17 01:45:22 ## 47.6 ## 47.6068432969 ## 47.6200000733
2013-04-17 02:15:22 ## 47.63 ## 47.5900000563 ## 47.6054904241
2013-04-17 02:45:22 ## 47.63 ## 47.5900000563 ## 47.5900000563
2013-04-17 03:15:22 ## 47.61 ## 47.5900000563 ## 47.6068432969
2013-04-17 03:45:22 ## 47.63 ## 47.5900000563 ## 47.5900000563
2013-04-17 04:15:22 ## 47.6 ## 47.5900000563 ## 47.6068432969
2013-04-17 04:45:22 ## 47.63 ## 47.6063532155 ## 47.5900000563
2013-04-17 05:15:22 ## 47.63 ## 47.5900000563 ## 47.5900000563
2013-04-17 05:45:22 ## 47.62 ## 47.5900000563 ## 47.5900000563
2013-04-17 06:15:22 ## 47.59 ## 47.5900000563 ## 47.5900000563
2013-04-17 06:45:22 ## 47.61 ## 47.5900000563 ## 47.5900000563
2013-04-17 07:15:22 ## 47.6 ## 47.5900000394 ## 47.5900000563
2013-04-17 07:45:22 ## 47.62 ## 47.5900000394 ## 47.6044472508
2013-04-17 08:15:22 ## 47.61 ## 47.5900000394 ## 47.5900000563
2013-04-17 08:45:22 ## 47.61 ## 47.5900000394 ## 47.5900000563
2013-04-17 09:15:22 ## 47.63 ## 47.5900000394 ## 47.5900000394
2013-04-17 09:45:22 ## 47.6 ## 47.6071967849 ## 47.5900000394
2013-04-17 10:15:22 ## 47.63 ## 47.5900000394 ## 47.5900000394
2013-04-17 10:45:22 ## 47.62 ## 47.6050377494 ## 47.5900000394
2013-04-17 11:15:22 ## 47.59 ## 47.6300000011 ## 47.605995407
2013-04-17 11:45:22 ## 47.62 ## 47.6050377494 ## 47.5900000394
2013-04-18 12:15:22 ## 47.6 ## 47.5900000276 ## 47.5900000394
2013-04-18 12:45:22 ## 47.59 ## 47.5900000276 ## 47.5900000394
2013-04-18 01:15:22 ## 47.6 ## 47.5900000276 ## 47.6050377494
2013-04-18 01:45:22 ## 47.63 ## 47.6035264246 ## 47.5900000394
2013-04-18 02:15:22 ## 47.63 ## 47.5900000193 ## 47.5900000276
2013-04-18 02:45:22 ## 47.59 ## 47.5900000193 ## 47.5900000276
2013-04-18 03:15:22 ## 47.61 ## 47.5900000193 ## 47.5900000276
2013-04-18 03:45:22 ## 47.62 ## 47.5900000135 ## 47.5900000193
2013-04-18 04:15:22 ## 47.6 ## 47.5900000135 ## 47.5900000193
2013-04-18 04:45:22 ## 47.6 ## 47.5900000135 ## 47.5900000193
2013-04-18 05:15:22 ## 47.62 ## 47.5900000135 ## 47.6024684972
2013-04-18 05:45:22 ## 47.61 ## 47.5900000135 ## 47.6024684972
2013-04-18 06:15:22 ## 47.6 ## 47.6300000005 ## 47.5900000135
2013-04-18 06:45:22 ## 47.6 ## 47.5900000135 ## 47.6047279481
2013-04-18 07:15:22 ## 47.63 ## 47.6032351803 ## 47.5900000135
2013-04-18 07:45:22 ## 47.63 ## 47.5900000135 ## 47.5900000135
2013-04-18 08:15:22 ## 47.6 ## 47.5900000135 ## 47.5900000135
2013-04-18 08:45:22 ## 47.63 ## 47.5900000135 ## 47.5900000135
2013-04-18 09:15:22 ## 47.62 ## 47.5900000135 ## 47.5900000135
2013-04-18 09:45:22 ## 47.61 ## 47.6015852384 ## 47.5900000135
2013-04-18 10:15:22 ## 47.63 ## 47.5900000135 ## 47.5900000135
2013-04-18 10:45:22 ## 47.63 ## 47.6041096669 ## 47.5900000135
2013-04-18 11:15:22 ## 47.61 ## 47.6300000001 ## 47.5900000135
2013-04-18 11:45:22 ## 47.59 ## 47.5900000135 ## 47.5900000135
2013-04-18 12:15:22 ## 47.59 ## 47.6300000001 ## 47.5900000135
2013-04-18 12:45:22 ## 47.59 ## 47.5900000095 ## 47.5900000135
2013-04-18 01:15:22 ## 47.62 ## 47.6200000042 ## 47.6041096669
2013-04-18 01:45:22 ## 47.6 ## 47.5900000046 ## 47.6200000042
2013-04-18 02:15:22 ## 47.61 ## 47.5900000046 ## 47.5900000135
2013-04-18 02:45:22 ## 47.63 ## 47.620000003 ## 47.6058767668
2013-04-18 03:15:22 ## 47.59 ## 47.5900000046 ## 47.5900000066
2013-04-18 03:45:22 ## 47.6 ## 47.5900000046 ## 47.5900000046
2013-04-18 04:15:22 ## 47.61 ## 47.5900000032 ## 47.5900000046
2013-04-18 04:45:22 ## 47.63 ## 47.604115731 ## 47.6041137368
2013-04-18 05:15:22 ## 47.59 ## 47.5900000032 ## 47.5900000046
2013-04-18 05:45:22 ## 47.6 ## 47.6058810117 ## 47.6058796157
2013-04-18 06:15:22 ## 47.61 ## 47.5900000023 ## 47.6058796157
2013-04-18 06:45:22 ## 47.61 ## 47.6041167082 ## 47.604115731
2013-04-18 07:15:22 ## 47.62 ## 47.63 ## 47.5900000032
2013-04-18 07:45:22 ## 47.63 ## 47.5900000023 ## 47.5900000032
2013-04-18 08:15:22 ## 47.63 ## 47.607117187 ## 47.5900000023
2013-04-18 08:45:22 ## 47.61 ## 47.607117187 ## 47.5900000023
2013-04-18 09:15:22 ## 47.61 ## 47.5900000023 ## 47.5900000023
2013-04-18 09:45:22 ## 47.62 ## 47.5900000023 ## 47.607117187
2013-04-18 10:15:22 ## 47.61 ## 47.63 ## 47.5900000023
2013-04-18 10:45:22 ## 47.6 ## 47.5900000023 ## 47.5900000023
2013-04-18 11:15:22 ## 47.59 ## 47.6090111951 ## 47.5900000023
2013-04-18 11:45:22 ## 47.62 ## 47.6063078366 ## 47.5900000023
2013-04-19 12:15:22 ## 47.61 ## 47.5900000016 ## 47.6085874216
2013-04-19 12:45:22 ## 47.59 ## 47.5900000016 ## 47.6200000015
2013-04-19 01:15:22 ## 47.63 ## 47.5900000016 ## 47.6090111951
2013-04-19 01:45:22 ## 47.61 ## 47.6074154856 ## 47.5900000023
2013-04-19 02:15:22 ## 47.62 ## 47.5900000011 ## 47.5900000016
2013-04-19 02:45:22 ## 47.601996 ## 47.5900000011 ## 47.6063078366
2013-04-19 03:15:22 ## 47.61 ## 47.5900000011 ## 47.6074154856
2013-04-19 03:45:22 ## 47.63 ## 47.606332388 ## 47.5900000011
2013-04-19 04:15:22 ## 47.6 ## 47.6074326716 ## 47.5900000011
2013-04-19 04:45:22 ## 47.63 ## 47.6074326716 ## 47.5900000011
2013-04-19 05:15:22 ## 47.6 ## 47.5900000011 ## 47.6081908399
2013-04-19 05:45:22 ## 47.6 ## 47.5900000011 ## 47.5900000011
2013-04-19 06:15:22 ## 47.59 ## 47.6036420091 ## 47.6074326716
2013-04-19 06:45:22 ## 47.61 ## 47.5900000011 ## 47.5900000011
2013-04-19 07:15:22 ## 47.62 ## 47.6025494063 ## 47.5900000011
2013-04-19 07:45:22 ## 47.62 ## 47.63 ## 47.5900000011
2013-04-19 08:15:22 ## 47.62 ## 47.5900000008 ## 47.5900000011
2013-04-19 08:45:22 ## 47.62 ## 47.5900000008 ## 47.6025494063
2013-04-19 09:15:22 ## 47.6 ## 47.5900000008 ## 47.6025494063
2013-04-19 09:45:22 ## 47.62 ## 47.6047845844 ## 47.5900000008
2013-04-19 10:15:22 ## 47.61 ## 47.63 ## 47.5900000008
2013-04-19 10:45:22 ## 47.62 ## 47.6033492091 ## 47.5900000008
2013-04-19 11:15:22 ## 47.63 ## 47.5900000008 ## 47.5900000008
2013-04-19 11:45:22 ## 47.6 ## 47.5900000008 ## 47.5900000008
2013-04-19 12:15:22 ## 47.63 ## 47.5900000008 ## 47.5900000008
2013-04-19 12:45:22 ## 47.61 ## 47.6037411125 ## 47.6033492091
2013-04-19 01:15:22 ## 47.62 ## 47.6037411125 ## 47.63
2013-04-19 01:45:22 ## 47.6 ## 47.63 ## 47.6053444464
2013-04-19 02:15:22 ## 47.6 ## 47.5900000008 ## 47.6053444464
2013-04-19 02:45:22 ## 47.62 ## 47.5900000008 ## 47.6037411125
2013-04-19 03:15:22 ## 47.63 ## 47.6027532016 ## 47.5900000008
2013-04-19 03:45:22 ## 47.61 ## 47.6027532016 ## 47.6200000001
2013-04-19 04:15:22 ## 47.62 ## 47.63 ## 47.6056187787
2013-04-19 04:45:22 ## 47.6 ## 47.6049272411 ## 47.6039331451
2013-04-19 05:15:22 ## 47.59 ## 47.5900000008 ## 47.6027532016
2013-04-19 05:45:22 ## 47.62 ## 47.6034490688 ## 47.5900000008
2013-04-19 06:15:22 ## 47.59 ## 47.5900000005 ## 47.5900000008
2013-04-19 06:45:22 ## 47.62 ## 47.5900000005 ## 47.5900000008
2013-04-19 07:15:22 ## 47.59 ## 47.6034490688 ## 47.5900000008
2013-04-19 07:45:22 ## 47.59 ## 47.6034490688 ## 47.6034490688
2013-04-19 08:15:22 ## 47.6 ## 47.6034490688 ## 47.6034490688
2013-04-19 08:45:22 ## 47.62 ## 47.6034490688 ## 47.6034490688
2013-04-19 09:15:22 ## 47.62 ## 47.63 ## 47.6034490688
2013-04-19 09:45:22 ## 47.63 ## 47.63 ## 47.6034490688
2013-04-19 10:15:22 ## 47.62 ## 47.6024143481 ## 47.5900000003
2013-04-19 10:45:22 ## 47.59 ## 47.6024143481 ## 47.6034490688
2013-04-19 11:15:22 ## 47.62 ## 47.6024143481 ## 47.5900000002
2013-04-19 11:45:22 ## 47.59 ## 47.6024143481 ## 47.6024143481
2013-04-20 12:15:22 ## 47.59 ## 47.5900000001 ## 47.6024143481
2013-04-20 12:45:22 ## 47.59 ## 47.6024143481 ## 47.63
2013-04-20 01:15:22 ## 47.63 ## 47.5900000001 ## 47.5900000002
2013-04-20 01:45:22 ## 47.59 ## 47.59 ## 47.5900000001
2013-04-20 02:15:22 ## 47.606163 ## 47.6024143481 ## 47.5900000001
2013-04-20 02:45:22 ## 47.61 ## 47.6024143481 ## 47.5900000001
2013-04-20 03:15:22 ## 47.61 ## 47.6035389437 ## 47.6024143481
2013-04-20 03:45:22 ## 47.62 ## 47.59 ## 47.59
2013-04-20 04:15:22 ## 47.59 ## 47.59 ## 47.59
2013-04-20 04:45:22 ## 47.636015 ## 47.63 ## 47.6024143481
2013-04-20 05:31:12 ## 47.641914 ## 47.59 ## 47.6035389437
2013-04-20 05:45:22 ## 47.645037 ## 47.59 ## 47.59
2013-04-20 06:15:22 ## 47.62 ## 47.59 ## 47.6068340824
2013-04-20 06:45:22 ## 47.59 ## 47.6068340824 ## 47.59
2013-04-20 07:15:22 ## 47.59 ## 47.59 ## 47.59
2013-04-20 07:45:22 ## 47.61 ## 47.6318045 ## 47.6068340824
2013-04-20 08:15:22 ## 47.6 ## 47.59 ## 47.59
2013-04-20 08:45:22 ## 47.59 ## 47.6077838577 ## 47.59
2013-04-20 09:15:22 ## 47.6 ## 47.59 ## 47.59
2013-04-20 09:45:22 ## 47.59 ## 47.59 ## 47.6068340824
2013-04-20 10:15:22 ## 47.6 ## 47.6038140903 ## 47.6068340824
2013-04-20 10:45:22 ## 47.61 ## 47.59 ## 47.6077838577
2013-04-20 11:15:22 ## 47.59 ## 47.6026698632 ## 47.6054487004
2013-04-20 11:45:22 ## 47.62 ## 47.6048689042 ## 47.59
2013-04-20 12:15:22 ## 47.59 ## 47.6048689042 ## 47.6038140903
2013-04-20 12:45:22 ## 47.62 ## 47.6048689042 ## 47.6038140903
2013-04-20 01:15:22 ## 47.6 ## 47.59 ## 47.59
2013-04-20 01:45:22 ## 47.62 ## 47.6048689042 ## 47.59
2013-04-20 02:15:22 ## 47.59 ## 47.6318045 ## 47.59
2013-04-20 02:45:22 ## 47.59 ## 47.59 ## 47.59
2013-04-20 03:15:22 ## 47.63 ## 47.603408233 ## 47.6048689042
2013-04-20 03:45:22 ## 47.59 ## 47.59 ## 47.59
2013-04-20 04:15:22 ## 47.61 ## 47.59 ## 47.59
2013-04-20 04:45:22 ## 47.62 ## 47.59 ## 47.59
2013-04-20 05:15:22 ## 47.61 ## 47.6053857631 ## 47.603408233
2013-04-20 05:45:22 ## 47.62 ## 47.6053857631 ## 47.62
2013-04-20 06:15:22 ## 47.62 ## 47.6067700342 ## 47.59
2013-04-20 06:45:22 ## 47.6 ## 47.59 ## 47.59
2013-04-20 07:15:22 ## 47.59 ## 47.6067700342 ## 47.59
2013-04-20 07:45:22 ## 47.6 ## 47.59 ## 47.59
2013-04-20 08:15:22 ## 47.63 ## 47.6047390239 ## 47.6067700342
2013-04-20 08:45:22 ## 47.61 ## 47.6033173167 ## 47.6067700342
2013-04-20 09:15:22 ## 47.61 ## 47.6033173167 ## 47.6067700342
2013-04-20 09:45:22 ## 47.62 ## 47.6053221217 ## 47.6047390239
2013-04-20 10:15:22 ## 47.62 ## 47.6067254852 ## 47.6047390239
2013-04-20 10:45:22 ## 47.61 ## 47.59 ## 47.6033173167
2013-04-20 11:15:22 ## 47.62 ## 47.62 ## 47.62
2013-04-20 11:45:22 ## 47.6 ## 47.6077078396 ## 47.59
2013-04-21 12:15:22 ## 47.61 ## 47.6077078396 ## 47.6067254852
2013-04-21 12:45:22 ## 47.6 ## 47.59 ## 47.6067254852
2013-04-21 01:15:22 ## 47.61 ## 47.59 ## 47.59
2013-04-21 01:45:22 ## 47.59 ## 47.59 ## 47.6077078396
2013-04-21 02:15:22 ## 47.61 ## 47.6063206523 ## 47.6077078396
2013-04-21 02:45:22 ## 47.63 ## 47.6063206523 ## 47.6053954877
2013-04-21 03:15:22 ## 47.63 ## 47.6074244566 ## 47.6067768414
2013-04-21 03:45:22 ## 47.6 ## 47.59 ## 47.59
2013-04-21 04:15:22 ## 47.62 ## 47.6074244566 ## 47.59
2013-04-21 04:45:22 ## 47.62 ## 47.6051971196 ## 47.6063206523
2013-04-21 05:15:22 ## 47.62 ## 47.59 ## 47.59
2013-04-21 05:45:22 ## 47.61 ## 47.59 ## 47.62
2013-04-21 06:15:22 ## 47.62 ## 47.59 ## 47.6074244566
2013-04-21 06:45:22 ## 47.6 ## 47.59 ## 47.6051971196
2013-04-21 07:15:22 ## 47.61 ## 47.59 ## 47.59
2013-04-21 07:45:22 ## 47.62 ## 47.6046465886 ## 47.59
2013-04-21 08:15:22 ## 47.62 ## 47.6304332605 ## 47.6051971196
2013-04-21 08:45:22 ## 47.61 ## 47.606252612 ## 47.59
2013-04-21 09:15:22 ## 47.61 ## 47.59 ## 47.59
2013-04-21 09:45:22 ## 47.61 ## 47.6073768284 ## 47.6046465886
2013-04-21 10:15:22 ## 47.63 ## 47.6081637799 ## 47.59
2013-04-21 10:45:22 ## 47.63 ## 47.6304332605 ## 47.606252612
2013-04-21 11:15:22 ## 47.6 ## 47.59 ## 47.59
2013-04-21 11:45:22 ## 47.61 ## 47.6087146459 ## 47.6073768284
2013-04-21 12:15:22 ## 47.59 ## 47.6061002521 ## 47.6081637799
2013-04-21 12:45:22 ## 47.6 ## 47.59 ## 47.6087146459
2013-04-21 01:15:22 ## 47.6 ## 47.6072701765 ## 47.6303032823
2013-04-21 01:45:22 ## 47.62 ## 47.59 ## 47.6087146459
2013-04-21 02:15:22 ## 47.6 ## 47.6035623865 ## 47.6061002521
2013-04-21 02:45:22 ## 47.59 ## 47.59 ## 47.59
2013-04-21 03:15:22 ## 47.59 ## 47.59 ## 47.59
2013-04-21 03:45:22 ## 47.63 ## 47.6024936705 ## 47.6302122976
2013-04-21 04:15:22 ## 47.63 ## 47.6024936705 ## 47.6035623865
2013-04-21 04:45:22 ## 47.6 ## 47.59 ## 47.59
2013-04-21 05:15:22 ## 47.61 ## 47.59 ## 47.6024936705
2013-04-21 05:45:22 ## 47.63 ## 47.59 ## 47.6302122976
2013-04-21 06:15:22 ## 47.62 ## 47.6042218986 ## 47.59
2013-04-21 06:45:22 ## 47.63 ## 47.6042218986 ## 47.6301486083
2013-04-21 07:15:22 ## 47.59 ## 47.6042218986 ## 47.59
2013-04-21 07:45:22 ## 47.63 ## 47.6042218986 ## 47.6017455694
2013-04-21 08:15:22 ## 47.6 ## 47.6042218986 ## 47.59
2013-04-21 08:45:22 ## 47.63 ## 47.6042218986 ## 47.6042218986
2013-04-21 09:15:22 ## 47.6 ## 47.59 ## 47.6042218986
2013-04-21 09:45:22 ## 47.61 ## 47.602955329 ## 47.59
2013-04-21 10:15:22 ## 47.6 ## 47.59 ## 47.59
2013-04-21 10:45:22 ## 47.62 ## 47.62 ## 47.6042218986
2013-04-21 11:15:22 ## 47.59 ## 47.59 ## 47.602955329
2013-04-21 11:45:22 ## 47.6 ## 47.59 ## 47.602955329
2013-04-22 12:15:22 ## 47.6 ## 47.6031136778 ## 47.6020687303
2013-04-22 12:45:22 ## 47.61 ## 47.6021795745 ## 47.59
2013-04-22 01:15:22 ## 47.630462 ## 47.6015257021 ## 47.6031136778
2013-04-22 01:45:22 ## 47.638097 ## 47.6432078817 ## 47.6300249766
2013-04-22 02:15:22 ## 47.642608 ## 47.59 ## 47.59
2013-04-22 02:45:22 ## 47.6 ## 47.59 ## 47.6021795745
2013-04-22 03:15:22 ## 47.61 ## 47.59 ## 47.6015257021
2013-04-22 03:45:22 ## 47.62 ## 47.59 ## 47.59
2013-04-22 04:15:22 ## 47.63 ## 47.6049933158 ## 47.59
2013-04-22 04:45:22 ## 47.63 ## 47.59 ## 47.59
2013-04-22 05:15:22 ## 47.63 ## 47.59 ## 47.59
2013-04-22 05:45:22 ## 47.62 ## 47.6049933158 ## 47.59
2013-04-22 06:15:22 ## 47.61 ## 47.6300535367 ## 47.59
2013-04-22 06:45:22 ## 47.59042 ## 47.6049933158 ## 47.59
2013-04-22 07:31:12 ## 47.589957 ## 47.62 ## 47.6049933158
2013-04-22 07:45:22 ## 47.63 ## 47.6064953211 ## 47.59
2013-04-22 08:15:22 ## 47.63 ## 47.5900753 ## 47.6049933158
2013-04-22 08:45:22 ## 47.63 ## 47.6064953211 ## 47.6049933158
2013-04-22 09:15:22 ## 47.59 ## 47.6064953211 ## 47.6064953211
2013-04-22 09:45:22 ## 47.63 ## 47.5900753 ## 47.6064953211
2013-04-22 10:15:22 ## 47.6 ## 47.6300183631 ## 47.5900753
2013-04-22 10:45:22 ## 47.59 ## 47.6064953211 ## 47.5900753
2013-04-22 11:15:22 ## 47.63 ## 47.6045467248 ## 47.5900753
2013-04-22 11:45:22 ## 47.62 ## 47.6045467248 ## 47.6064953211
2013-04-22 12:15:22 ## 47.62 ## 47.590036897 ## 47.59005271
2013-04-22 12:45:22 ## 47.61 ## 47.6045467248 ## 47.6064953211
2013-04-22 01:15:22 ## 47.59 ## 47.6045467248 ## 47.6045467248
2013-04-22 01:45:22 ## 47.6 ## 47.6061827073 ## 47.6045467248
2013-04-22 02:15:22 ## 47.6 ## 47.6061827073 ## 47.590036897
2013-04-22 02:45:22 ## 47.6 ## 47.6043278951 ## 47.6045467248
2013-04-22 03:15:22 ## 47.59 ## 47.6030295266 ## 47.590036897
2013-04-22 03:45:22 ## 47.61 ## 47.6021206686 ## 47.6061827073
2013-04-22 04:15:22 ## 47.6 ## 47.6021206686 ## 47.6061827073
2013-04-22 04:45:22 ## 47.59 ## 47.5900180795 ## 47.62
2013-04-22 05:15:22 ## 47.6 ## 47.6031391276 ## 47.6030295266
2013-04-22 05:45:22 ## 47.59 ## 47.6300089979 ## 47.5900258279
2013-04-22 06:15:22 ## 47.61 ## 47.5900126557 ## 47.5900180795
2013-04-22 06:45:22 ## 47.62 ## 47.6021973893 ## 47.6300089979
2013-04-22 07:15:22 ## 47.590189 ## 47.6045381725 ## 47.5900180795
2013-04-22 08:01:12 ## 47.578263 ## 47.6045381725 ## 47.6031391276
2013-04-22 08:15:22 ## 47.61 ## 47.6045381725 ## 47.6021973893
2013-04-22 08:45:22 ## 47.62 ## 47.6045381725 ## 47.6021973893
2013-04-22 09:31:12 ## 47.590189 ## 47.5900629013 ## 47.6045381725
2013-04-22 10:01:12 ## 47.578263 ## 47.6061767208 ## 47.6045381725
2013-04-22 10:15:22 ## 47.63 ## 47.6061767208 ## 47.6300089979
2013-04-22 10:45:22 ## 47.62 ## 47.5901007309 ## 47.6045381725
2013-04-22 11:15:22 ## 47.59 ## 47.6061767208 ## 47.5900629013
2013-04-22 11:45:22 ## 47.62 ## 47.5901007309 ## 47.6061767208
2013-04-23 12:15:22 ## 47.63 ## 47.6061767208 ## 47.6061767208
2013-04-23 12:45:22 ## 47.6 ## 47.6061767208 ## 47.5901007309
2013-04-23 01:15:22 ## 47.62 ## 47.6061767208 ## 47.6061767208
2013-04-23 01:45:22 ## 47.606163 ## 47.6043237045 ## 47.6061767208
2013-04-23 02:15:22 ## 47.62 ## 47.6043237045 ## 47.6061767208
2013-04-23 02:45:22 ## 47.61 ## 47.6048754932 ## 47.5900705116
2013-04-23 03:15:22 ## 47.63 ## 47.6048754932 ## 47.6061767208
2013-04-23 03:45:22 ## 47.6 ## 47.5900705116 ## 47.6043237045
2013-04-23 04:15:22 ## 47.62 ## 47.6064128452 ## 47.6043237045
2013-04-23 04:45:22 ## 47.62 ## 47.5900705116 ## 47.6048754932
2013-04-23 05:15:22 ## 47.61 ## 47.6044889917 ## 47.6048754932
2013-04-23 05:45:22 ## 47.59 ## 47.6044889917 ## 47.6064128452
2013-04-23 06:15:22 ## 47.62 ## 47.5900705116 ## 47.5900705116
2013-04-23 06:45:22 ## 47.63 ## 47.6061422942 ## 47.6044889917
2013-04-23 07:15:22 ## 47.63 ## 47.6061422942 ## 47.6044889917
2013-04-23 07:45:22 ## 47.59 ## 47.6061422942 ## 47.5900705116
2013-04-23 08:15:22 ## 47.62 ## 47.6061422942 ## 47.6061422942
2013-04-23 08:45:22 ## 47.63 ## 47.6300015123 ## 47.5900493581
2013-04-23 09:15:22 ## 47.6 ## 47.6061422942 ## 47.5900493581
2013-04-23 09:45:22 ## 47.6 ## 47.6061422942 ## 47.5900493581
2013-04-23 10:15:22 ## 47.59 ## 47.6300010586 ## 47.5900493581
2013-04-23 10:45:22 ## 47.6 ## 47.5900345507 ## 47.6061422942
2013-04-23 11:15:22 ## 47.63 ## 47.5900241855 ## 47.6061422942
2013-04-23 11:45:22 ## 47.63 ## 47.6021068069 ## 47.6061422942
2013-04-23 12:15:22 ## 47.6 ## 47.6021068069 ## 47.6042996059
2013-04-23 12:45:22 ## 47.63 ## 47.6021068069 ## 47.6030097241
2013-04-23 01:15:22 ## 47.61 ## 47.6014747648 ## 47.6300010586
2013-04-23 01:45:22 ## 47.61 ## 47.6014747648 ## 47.5900241855
2013-04-23 02:15:22 ## 47.61 ## 47.6040323354 ## 47.6021068069
2013-04-23 02:45:22 ## 47.62 ## 47.5900241855 ## 47.5900241855
2013-04-23 03:15:22 ## 47.61 ## 47.6070758443 ## 47.5900241855
2013-04-23 03:45:22 ## 47.59 ## 47.6070758443 ## 47.6014747648
2013-04-23 04:15:22 ## 47.59 ## 47.607953091 ## 47.6040323354
2013-04-23 04:45:22 ## 47.62 ## 47.607953091 ## 47.5900241855
2013-04-23 05:15:22 ## 47.62 ## 47.5900118509 ## 47.6070758443
2013-04-23 05:45:22 ## 47.62 ## 47.607953091 ## 47.6070758443
2013-04-23 06:15:22 ## 47.63 ## 47.607953091 ## 47.607953091
2013-04-23 06:45:22 ## 47.59 ## 47.607953091 ## 47.607953091
2013-04-23 07:15:22 ## 47.62 ## 47.607953091 ## 47.5900118509
2013-04-23 07:45:22 ## 47.59 ## 47.607953091 ## 47.607953091
2013-04-23 08:15:22 ## 47.63 ## 47.6300002542 ## 47.5900118509
2013-04-23 08:45:22 ## 47.62 ## 47.607953091 ## 47.607953091
2013-04-23 09:15:22 ## 47.59 ## 47.6300001779 ## 47.607953091
2013-04-23 09:45:22 ## 47.62 ## 47.607953091 ## 47.607953091
2013-04-23 10:15:22 ## 47.62 ## 47.607953091 ## 47.5900082956
2013-04-23 10:45:22 ## 47.6 ## 47.5900040649 ## 47.6300002542
2013-04-23 11:15:22 ## 47.62 ## 47.607953091 ## 47.607953091
2013-04-23 11:45:22 ## 47.6 ## 47.6055671637 ## 47.607953091
2013-04-24 12:15:22 ## 47.62 ## 47.5900040649 ## 47.607953091
2013-04-24 12:45:22 ## 47.6 ## 47.6038970146 ## 47.607953091
2013-04-24 01:15:22 ## 47.61 ## 47.6038970146 ## 47.5900040649
2013-04-24 01:45:22 ## 47.63 ## 47.6027279102 ## 47.6055671637
2013-04-24 02:15:22 ## 47.62 ## 47.6049095372 ## 47.5900040649
2013-04-24 02:45:22 ## 47.61 ## 47.6049095372 ## 47.6038970146
2013-04-24 03:15:22 ## 47.59 ## 47.6049095372 ## 47.6038970146
2013-04-24 03:45:22 ## 47.6 ## 47.6300001245 ## 47.5900040649
2013-04-24 04:15:22 ## 47.62 ## 47.606436676 ## 47.6049095372
2013-04-24 04:45:22 ## 47.6 ## 47.6045056732 ## 47.6049095372
2013-04-24 05:15:22 ## 47.59 ## 47.6045056732 ## 47.6049095372
2013-04-24 05:45:22 ## 47.61 ## 47.6031539712 ## 47.5900040649
2013-04-24 06:15:22 ## 47.61 ## 47.5900019918 ## 47.606436676
2013-04-24 06:45:22 ## 47.62 ## 47.6052077799 ## 47.5900028454
2013-04-24 07:15:22 ## 47.61 ## 47.6066454459 ## 47.6045056732
2013-04-24 07:45:22 ## 47.61 ## 47.5900019918 ## 47.5900028454
2013-04-24 08:15:22 ## 47.61 ## 47.6076518121 ## 47.6031539712
2013-04-24 09:01:12 ## 47.6492 ## 47.6083562685 ## 47.6052077799
2013-04-24 09:15:22 ## 47.631966 ## 47.6088493879 ## 47.6066454459
2013-04-24 09:45:22 ## 47.63 ## 47.641954632 ## 47.62
2013-04-24 10:15:22 ## 47.63 ## 47.6305898872 ## 47.6076518121
2013-04-24 10:45:22 ## 47.61 ## 47.6088493879 ## 47.6083562685
2013-04-24 11:15:22 ## 47.59 ## 47.6088493879 ## 47.6088493879
2013-04-24 11:45:22 ## 47.62 ## 47.6091945716 ## 47.5900019918
2013-04-24 12:15:22 ## 47.6 ## 47.6091945716 ## 47.6088493879
2013-04-24 12:45:22 ## 47.61 ## 47.6091945716 ## 47.6088493879
2013-04-24 01:15:22 ## 47.59 ## 47.62 ## 47.6088493879
2013-04-24 01:45:22 ## 47.63 ## 47.6075053401 ## 47.6091945716
2013-04-24 02:15:22 ## 47.61 ## 47.6075053401 ## 47.6091945716
2013-04-24 02:45:22 ## 47.59 ## 47.6075053401 ## 47.6091945716
2013-04-24 03:15:22 ## 47.63 ## 47.608253738 ## 47.5900013942
2013-04-24 03:45:22 ## 47.6 ## 47.5900006832 ## 47.6075053401
2013-04-24 04:15:22 ## 47.63 ## 47.62 ## 47.6075053401
2013-04-24 04:45:22 ## 47.63 ## 47.6057776166 ## 47.590000976
2013-04-24 05:15:22 ## 47.59 ## 47.6057776166 ## 47.608253738
2013-04-24 05:45:22 ## 47.61 ## 47.6057776166 ## 47.608253738
2013-04-24 06:15:22 ## 47.62 ## 47.6057776166 ## 47.5900006832
2013-04-24 06:45:22 ## 47.63 ## 47.6070443316 ## 47.6057776166
2013-04-24 07:15:22 ## 47.6 ## 47.5900004782 ## 47.6057776166
2013-04-24 07:45:22 ## 47.63 ## 47.6070443316 ## 47.6057776166
2013-04-24 08:15:22 ## 47.63 ## 47.5900004782 ## 47.6057776166
2013-04-24 08:45:22 ## 47.63 ## 47.6049310321 ## 47.5900004782
2013-04-24 09:15:22 ## 47.63 ## 47.6049310321 ## 47.5900004782
2013-04-24 09:45:22 ## 47.6 ## 47.6049310321 ## 47.6070443316
2013-04-24 10:15:22 ## 47.61 ## 47.6049310321 ## 47.5900004782
2013-04-24 10:45:22 ## 47.63 ## 47.6034517225 ## 47.5900004782
2013-04-24 11:15:22 ## 47.6 ## 47.6054162058 ## 47.6049310321
2013-04-24 11:45:22 ## 47.6 ## 47.6054162058 ## 47.6049310321
2013-04-25 12:15:22 ## 47.6 ## 47.603791344 ## 47.6049310321
2013-04-25 12:45:22 ## 47.61 ## 47.6300081648 ## 47.5900004782
2013-04-25 01:15:22 ## 47.61 ## 47.6018577586 ## 47.6054162058
2013-04-25 01:45:22 ## 47.61 ## 47.604300431 ## 47.5900004782
2013-04-25 02:15:22 ## 47.59 ## 47.5900004782 ## 47.5900004782
2013-04-25 02:45:22 ## 47.63 ## 47.5900004782 ## 47.6026539408
2013-04-25 03:15:22 ## 47.59 ## 47.5900003348 ## 47.6018577586
2013-04-25 03:45:22 ## 47.62 ## 47.6072072112 ## 47.604300431
2013-04-25 04:15:22 ## 47.63 ## 47.6072072112 ## 47.6060103017
2013-04-25 04:45:22 ## 47.61 ## 47.6072072112 ## 47.6072072112
2013-04-25 05:15:22 ## 47.61 ## 47.5900002343 ## 47.5900003348
2013-04-25 05:45:22 ## 47.6 ## 47.6080450478 ## 47.6300057154
2013-04-25 06:15:22 ## 47.61 ## 47.6086315335 ## 47.5900002343
2013-04-25 06:45:22 ## 47.61 ## 47.6060420734 ## 47.5900002343
2013-04-25 07:15:22 ## 47.62 ## 47.6072294514 ## 47.6072072112
2013-04-25 07:45:22 ## 47.59 ## 47.608060616 ## 47.6080450478
2013-04-25 08:15:22 ## 47.62 ## 47.62 ## 47.6086315335
2013-04-25 08:45:22 ## 47.59 ## 47.608060616 ## 47.5900002343
2013-04-25 09:15:22 ## 47.63 ## 47.608060616 ## 47.5900002343
2013-04-25 09:45:22 ## 47.59 ## 47.608060616 ## 47.608060616
2013-04-25 10:15:22 ## 47.59 ## 47.5900001148 ## 47.5900002343
2013-04-25 10:45:22 ## 47.62 ## 47.608060616 ## 47.608060616
2013-04-25 11:15:22 ## 47.6 ## 47.5900000563 ## 47.608060616
2013-04-25 11:45:22 ## 47.62 ## 47.5900000563 ## 47.608060616
2013-04-25 12:15:22 ## 47.61 ## 47.5900000563 ## 47.62
2013-04-25 12:45:22 ## 47.62 ## 47.6056424312 ## 47.608060616
2013-04-25 01:15:22 ## 47.62 ## 47.6069497018 ## 47.62
2013-04-25 01:45:22 ## 47.63 ## 47.6069497018 ## 47.608060616
2013-04-25 02:15:22 ## 47.6 ## 47.6069497018 ## 47.6056424312
2013-04-25 02:45:22 ## 47.59 ## 47.6069497018 ## 47.6056424312
2013-04-25 03:15:22 ## 47.61 ## 47.6048647913 ## 47.5900000563
2013-04-25 03:45:22 ## 47.63 ## 47.6048647913 ## 47.6069497018
2013-04-25 04:15:22 ## 47.61 ## 47.5900000394 ## 47.6069497018
2013-04-25 04:45:22 ## 47.59 ## 47.6064053539 ## 47.5900000563
2013-04-25 05:15:22 ## 47.62 ## 47.5900000394 ## 47.6048647913
2013-04-25 05:45:22 ## 47.59 ## 47.6074837477 ## 47.6048647913
2013-04-25 06:15:22 ## 47.63 ## 47.6074837477 ## 47.5900000394
2013-04-25 06:45:22 ## 47.59 ## 47.6074837477 ## 47.6064053539
2013-04-25 07:15:22 ## 47.63 ## 47.6074837477 ## 47.6074837477
2013-04-25 07:45:22 ## 47.59 ## 47.6074837477 ## 47.6074837477
2013-04-25 08:15:22 ## 47.59 ## 47.6300006724 ## 47.6074837477
2013-04-25 08:45:22 ## 47.63 ## 47.6074837477 ## 47.6074837477
2013-04-25 09:15:22 ## 47.59 ## 47.6074837477 ## 47.6074837477
2013-04-25 09:45:22 ## 47.6 ## 47.6074837477 ## 47.6074837477
2013-04-25 10:15:22 ## 47.62 ## 47.6074837477 ## 47.5900000135
2013-04-25 10:45:22 ## 47.63 ## 47.6052386234 ## 47.6074837477
2013-04-25 11:15:22 ## 47.63 ## 47.6052386234 ## 47.6074837477
2013-04-25 11:45:22 ## 47.61 ## 47.6052386234 ## 47.6074837477
2013-04-26 12:15:22 ## 47.6 ## 47.6052386234 ## 47.6074837477
2013-04-26 12:45:22 ## 47.6 ## 47.6066670364 ## 47.6052386234
2013-04-26 01:15:22 ## 47.61 ## 47.6046669255 ## 47.5900000046
2013-04-26 01:45:22 ## 47.6 ## 47.6032668478 ## 47.6052386234
2013-04-26 02:15:22 ## 47.606163 ## 47.6052867935 ## 47.6052386234
2013-04-26 02:45:22 ## 47.62 ## 47.6300002306 ## 47.6066670364
2013-04-26 03:15:22 ## 47.59 ## 47.6044394288 ## 47.5900000046
2013-04-26 03:45:22 ## 47.61 ## 47.6044394288 ## 47.6032668478
2013-04-26 04:15:22 ## 47.61 ## 47.6044394288 ## 47.6052867935
2013-04-26 04:45:22 ## 47.62 ## 47.6061076002 ## 47.641954632
2013-04-26 05:15:22 ## 47.62 ## 47.6072753201 ## 47.5900000046
2013-04-26 05:45:22 ## 47.6 ## 47.5900000032 ## 47.6044394288
2013-04-26 06:15:22 ## 47.642377 ## 47.6072753201 ## 47.6044394288
2013-04-26 07:01:12 ## 47.636015 ## 47.6050927241 ## 47.6061076002
2013-04-26 07:15:22 ## 47.62 ## 47.6050927241 ## 47.6072753201
2013-04-26 07:45:22 ## 47.62 ## 47.6318046614 ## 47.5900000032
2013-04-26 08:15:22 ## 47.59 ## 47.6050927241 ## 47.6072753201
2013-04-26 08:45:22 ## 47.59 ## 47.62 ## 47.62
2013-04-26 09:15:22 ## 47.6 ## 47.6050927241 ## 47.5900000032
2013-04-26 09:45:22 ## 47.61 ## 47.6050927241 ## 47.6050927241
2013-04-26 10:15:22 ## 47.59 ## 47.6035649069 ## 47.6050927241
2013-04-26 10:45:22 ## 47.63 ## 47.5900000016 ## 47.5900000032
2013-04-26 11:15:22 ## 47.6 ## 47.6054954348 ## 47.6050927241
2013-04-26 11:45:22 ## 47.6 ## 47.6054954348 ## 47.6050927241
2013-04-26 12:15:22 ## 47.62 ## 47.6038468044 ## 47.6035649069
2013-04-26 12:45:22 ## 47.63 ## 47.6026927631 ## 47.6318046614
2013-04-26 01:15:22 ## 47.6 ## 47.5900000011 ## 47.6054954348
2013-04-26 01:45:22 ## 47.63 ## 47.6026927631 ## 47.6054954348
2013-04-26 02:15:22 ## 47.63 ## 47.6018849341 ## 47.5900000011
2013-04-26 02:45:22 ## 47.62 ## 47.5900000011 ## 47.6026927631
2013-04-26 03:15:22 ## 47.62 ## 47.6018849341 ## 47.5900000011
2013-04-26 03:45:22 ## 47.59 ## 47.6018849341 ## 47.6026927631
2013-04-26 04:15:22 ## 47.61 ## 47.6018849341 ## 47.6018849341
2013-04-26 04:45:22 ## 47.63 ## 47.6018849341 ## 47.6018849341
2013-04-26 05:15:22 ## 47.63 ## 47.6043194539 ## 47.6018849341
2013-04-26 05:45:22 ## 47.59 ## 47.5900000008 ## 47.6018849341
2013-04-26 06:15:22 ## 47.63 ## 47.6043194539 ## 47.6018849341
2013-04-26 06:45:22 ## 47.63 ## 47.6043194539 ## 47.6018849341
2013-04-26 07:15:22 ## 47.61 ## 47.6301486216 ## 47.6043194539
2013-04-26 07:45:22 ## 47.61 ## 47.6043194539 ## 47.6043194539
2013-04-26 08:15:22 ## 47.59 ## 47.5900000005 ## 47.6043194539
2013-04-26 08:45:22 ## 47.62 ## 47.6072165324 ## 47.6043194539
2013-04-26 09:15:22 ## 47.63 ## 47.6301040351 ## 47.6043194539
2013-04-26 09:45:22 ## 47.6 ## 47.6072165324 ## 47.6043194539
2013-04-26 10:15:22 ## 47.59 ## 47.6072165324 ## 47.6060236177
2013-04-26 10:45:22 ## 47.61 ## 47.5900000004 ## 47.6072165324
2013-04-26 11:15:22 ## 47.61 ## 47.6050515727 ## 47.6072165324
2013-04-26 11:45:22 ## 47.63 ## 47.6065361009 ## 47.5900000004
2013-04-27 12:15:22 ## 47.61 ## 47.6075752706 ## 47.5900000004
2013-04-27 12:45:22 ## 47.62 ## 47.6075752706 ## 47.6300728246
2013-04-27 01:15:22 ## 47.62 ## 47.6083026894 ## 47.5900000003
2013-04-27 01:45:22 ## 47.61 ## 47.6083026894 ## 47.6065361009
2013-04-27 02:15:22 ## 47.62 ## 47.6083026894 ## 47.6075752706
2013-04-27 02:45:22 ## 47.59 ## 47.6088118826 ## 47.6075752706
2013-04-27 03:15:22 ## 47.61 ## 47.6088118826 ## 47.6083026894
2013-04-27 03:45:22 ## 47.6 ## 47.6088118826 ## 47.6083026894
2013-04-27 04:15:22 ## 47.59 ## 47.6091683178 ## 47.6083026894
2013-04-27 04:45:22 ## 47.59 ## 47.6064178225 ## 47.6088118826
2013-04-27 05:15:22 ## 47.63 ## 47.6300509772 ## 47.6088118826
2013-04-27 05:45:22 ## 47.61 ## 47.6064178225 ## 47.6088118826
2013-04-27 06:15:22 ## 47.6 ## 47.6064178225 ## 47.5900000002
2013-04-27 06:45:22 ## 47.63 ## 47.6074924757 ## 47.6300509772
2013-04-27 07:15:22 ## 45.219 ## 47.605244733 ## 47.6064178225
2013-04-27 08:01:12 ## 47.61 ## 47.6300249788 ## 47.6064178225
2013-04-27 08:15:22 ## 47.59 ## 47.605244733 ## 47.6064178225
2013-04-27 08:45:22 ## 47.61 ## 47.605244733 ## 47.5900000001
2013-04-27 09:15:22 ## 47.6 ## 47.605244733 ## 47.605244733
2013-04-27 09:45:22 ## 47.63 ## 47.605244733 ## 47.62
2013-04-27 10:15:22 ## 47.6 ## 47.5900000001 ## 47.605244733
2013-04-27 10:45:22 ## 47.63 ## 47.5900000001 ## 47.605244733
2013-04-27 11:15:22 ## 47.62 ## 47.605244733 ## 47.605244733
2013-04-27 11:45:22 ## 47.61 ## 47.605244733 ## 47.605244733
2013-04-27 12:15:22 ## 47.62 ## 47.605244733 ## 47.5900000001
2013-04-27 12:45:22 ## 47.6 ## 47.605244733 ## 47.5900000001
2013-04-27 01:15:22 ## 47.62 ## 47.605244733 ## 47.605244733
2013-04-27 01:45:22 ## 47.59 ## 47.605244733 ## 47.605244733
2013-04-27 02:15:22 ## 47.63 ## 47.605244733 ## 47.605244733
2013-04-27 02:45:22 ## 47.61 ## 47.605244733 ## 47.605244733
2013-04-27 03:15:22 ## 47.62 ## 47.605244733 ## 47.605244733
2013-04-27 03:45:22 ## 47.62 ## 47.5900000001 ## 47.605244733
2013-04-27 04:15:22 ## 47.62 ## 47.605244733 ## 47.605244733
2013-04-27 04:45:22 ## 47.59 ## 47.605244733 ## 47.605244733
2013-04-27 05:15:22 ## 47.6 ## 47.605244733 ## 47.5900000001
2013-04-27 05:45:22 ## 47.62 ## 47.605244733 ## 47.5900000001
2013-04-27 06:15:22 ## 47.63 ## 47.605244733 ## 47.605244733
2013-04-27 06:45:22 ## 47.62 ## 47.605244733 ## 47.605244733
2013-04-27 07:15:22 ## 47.6 ## 47.605244733 ## 47.605244733
2013-04-27 07:45:22 ## 47.6 ## 47.605244733 ## 47.5900000001
2013-04-27 08:15:22 ## 47.63 ## 47.605244733 ## 47.605244733
2013-04-27 08:45:22 ## 47.62 ## 47.605244733 ## 47.605244733
2013-04-27 09:15:22 ## 47.59 ## 47.5900000001 ## 47.605244733
2013-04-27 09:45:22 ## 47.6 ## 47.605244733 ## 47.605244733
2013-04-27 10:15:22 ## 47.6 ## 47.605244733 ## 47.605244733
2013-04-27 10:45:22 ## 47.62 ## 47.605244733 ## 47.605244733
2013-04-27 11:15:22 ## 47.59 ## 47.605244733 ## 47.5900000001
2013-04-27 11:45:22 ## 47.59 ## 47.605244733 ## 47.605244733
2013-04-28 12:15:22 ## 47.62 ## 47.605244733 ## 47.605244733
2013-04-28 12:45:22 ## 47.62 ## 47.605244733 ## 47.605244733
2013-04-28 01:15:22 ## 47.6 ## 47.605244733 ## 47.605244733
2013-04-28 01:45:22 ## 47.63 ## 47.605244733 ## 47.605244733
2013-04-28 02:15:22 ## 47.601996 ## 47.605244733 ## 47.605244733
2013-04-28 02:45:22 ## 47.6 ## 47.6300249788 ## 47.605244733
2013-04-28 03:15:22 ## 47.6 ## 47.605244733 ## 47.605244733
2013-04-28 03:45:22 ## 47.6 ## 47.605244733 ## 47.605244733
2013-04-28 04:15:22 ## 47.6 ## 47.605244733 ## 47.605244733
2013-04-28 04:45:22 ## 47.59 ## 47.605244733 ## 47.62
2013-04-28 05:15:22 ## 47.61 ## 47.605244733 ## 47.605244733
2013-04-28 05:45:22 ## 47.63 ## 47.605244733 ## 47.605244733
2013-04-28 06:15:22 ## 47.62 ## 47.605244733 ## 47.605244733
2013-04-28 06:45:22 ## 47.59 ## 47.605244733 ## 47.605244733
2013-04-28 07:15:22 ## 47.62 ## 47.605244733 ## 47.605244733
2013-04-28 07:45:22 ## 47.6 ## 47.605244733 ## 47.5900000001
2013-04-28 08:15:22 ## 47.61 ## 47.605244733 ## 47.605244733
2013-04-28 08:45:22 ## 47.63 ## 47.605244733 ## 47.605244733
2013-04-28 09:15:22 ## 47.62 ## 47.605244733 ## 47.605244733
2013-04-28 09:45:22 ## 47.63 ## 47.605244733 ## 47.605244733
2013-04-28 10:15:22 ## 47.59 ## 47.605244733 ## 47.605244733
2013-04-28 10:45:22 ## 47.61 ## 47.605244733 ## 47.605244733
2013-04-28 11:15:22 ## 47.6 ## 47.605244733 ## 47.605244733
2013-04-28 11:45:22 ## 47.6 ## 47.605244733 ## 47.605244733
2013-04-28 12:15:22 ## 47.63 ## 47.605244733 ## 47.605244733
2013-04-28 12:45:22 ## 47.62 ## 47.605244733 ## 47.605244733
2013-04-28 01:15:22 ## 47.59 ## 47.5900000001 ## 47.605244733
2013-04-28 01:45:22 ## 47.59 ## 47.5900000001 ## 47.605244733
2013-04-28 02:15:22 ## 47.62 ## 47.605244733 ## 47.605244733
2013-04-28 02:45:22 ## 47.62 ## 47.605244733 ## 47.5900000001
2013-04-28 03:15:22 ## 47.61 ## 47.605244733 ## 47.5900000001
2013-04-28 03:45:22 ## 47.6 ## 47.605244733 ## 47.5900000001
2013-04-28 04:15:22 ## 47.6 ## 47.605244733 ## 47.605244733
2013-04-28 04:45:22 ## 47.59 ## 47.605244733 ## 47.605244733
2013-04-28 05:15:22 ## 47.6 ## 47.605244733 ## 47.605244733
2013-04-28 05:45:22 ## 47.63 ## 47.605244733 ## 47.605244733
2013-04-28 06:15:22 ## 47.6 ## 47.605244733 ## 47.605244733
2013-04-28 06:45:22 ## 47.63 ## 47.605244733 ## 47.605244733
2013-04-28 07:15:22 ## 47.63 ## 47.605244733 ## 47.605244733
2013-04-28 07:45:22 ## 47.61 ## 47.605244733 ## 47.605244733
2013-04-28 08:15:22 ## 47.6 ## 47.605244733 ## 47.605244733
2013-04-28 08:45:22 ## 47.61 ## 47.605244733 ## 47.605244733
2013-04-28 09:15:22 ## 47.63 ## 47.605244733 ## 47.605244733
2013-04-28 09:45:22 ## 47.61 ## 47.605244733 ## 47.605244733
2013-04-28 10:15:22 ## 47.6 ## 47.605244733 ## 47.605244733
2013-04-28 10:45:22 ## 47.61 ## 47.605244733 ## 47.605244733
2013-04-28 11:15:22 ## 47.61 ## 47.605244733 ## 47.605244733
2013-04-28 11:45:22 ## 47.63 ## 47.605244733 ## 47.605244733
2013-04-29 12:15:22 ## 47.59 ## 47.605244733 ## 47.605244733
2013-04-29 12:45:22 ## 47.59 ## 47.605244733 ## 47.605244733
2013-04-29 01:15:22 ## 47.63 ## 47.605244733 ## 47.605244733
2013-04-29 01:45:22 ## 47.63 ## 47.6027771454 ## 47.605244733
2013-04-29 02:15:22 ## 47.59 ## 47.605244733 ## 47.605244733
